{
  "Name": "SoundObject",
  "Version": "3.1.1.0",
  "Factory Info": {
    "Vendor": "suzumushi",
    "URL": "https://suzumushi0.hatenablog.com",
    "E-Mail": "mailto:suzumushi9@gmail.com",
    "Flags": {
      "Unicode": true,
      "Classes Discardable": false,
      "Component Non Discardable": false,
    },
  },
  "Classes": [
    {
      "CID": "46570030EE935D3495AAEFCF49F7F2CF",
      "Category": "Audio Module Class",
      "Name": "SoundObject",
      "Vendor": "suzumushi",
      "Version": "3.1.1.0",
      "SDKVersion": "VST 3.7.10",
      "Sub Categories": [
        "Fx",
      ],
      "Class Flags": 1,
      "Cardinality": 2147483647,
      "Snapshots": [
        {
          "Scale Factor": 1,
          "Path": "Contents/Resources/Snapshots/46570030EE935D3495AAEFCF49F7F2CF_snapshot.png",
        },
        {
          "Scale Factor": 2,
          "Path": "Contents/Resources/Snapshots/46570030EE935D3495AAEFCF49F7F2CF_snapshot_2.0x.png",
        },
      ],
    },
    {
      "CID": "4F5A4E6B006A5AA5A713AE71CB32F8B7",
      "Category": "Component Controller Class",
      "Name": "SoundObjectController",
      "Vendor": "suzumushi",
      "Version": "3.1.1.0",
      "SDKVersion": "VST 3.7.10",
      "Class Flags": 0,
      "Cardinality": 2147483647,
      "Snapshots": [
      ],
    },
  ],
}